{
  "total_samples": 4999,
  "class_distribution": {
    "hard": 2577,
    "medium": 1434,
    "easy": 988
  },
  "score_stats": {
    "count": 4999.0,
    "mean": 5.202802560512102,
    "std": 2.7367843471217284,
    "min": 1.0,
    "25%": 3.05,
    "50%": 5.09,
    "75%": 7.55,
    "max": 10.0
  },
  "text_length_stats": {
    "count": 4999.0,
    "mean": 1957.134226845369,
    "std": 856.7980519045642,
    "min": 61.0,
    "25%": 1385.5,
    "50%": 1860.0,
    "75%": 2380.0,
    "max": 13003.0
  },
  "class_mapping": {
    "easy": 0,
    "hard": 1,
    "medium": 2
  }
}